as a result,結果として,"As a result of the heavy rain, the game was canceled."
look up,を調べる,Please look up the meaning of this word in a dictionary.
available,利用できる,Free Wi-Fi is available in most cafes in this city.
at first,最初は,"At first, I didn't understand the instructions, but I do now."
in the past,過去に,"In the past, people didn't have smartphones."
nowadays,最近、近頃,"Nowadays, more people are working from home."
information,情報,She gave me a lot of useful information about the trip.
drop by,ちょっと立ち寄る,Why don't you drop by my house on your way home?
gain,得る,He hopes to gain more experience by working part-time.
traditional,伝統的な,They still make traditional clothes in that village.
quality,質 特性,The quality of this coffee is much better than I expected.
improve,を改善する、改良する,We need to improve our English speaking skills.
however,しかしながら、どんなに~でも,"He is tired; however, he continues to study every night."
collect,集める,My hobby is to collect old coins from different countries.
extra,余分の、特別の,I need some extra money to buy a new bike.
clothing,衣料品,This shop sells warm clothing for winter.
comfortable,心地の良い、快適な,This chair is very comfortable to sit in.
disappoint,がっかりさせる,His rude comment disappointed everyone at the party.
instead,代わりに、その代わり,"Instead of taking the bus, she decided to walk."
originally,はじめは、元々は,The town was originally a small fishing village.
take part in,に参加する,Many students take part in the volunteer program every year.
dress up,着飾る,They dressed up as their favorite characters for the party.
certainly,確かに、間違いなく,He certainly knows a lot about Japanese history.
find out,見つけ出す,I want to find out what happened at the meeting.
search for,を探索する,She spent hours searching for her lost cat.
come up with,を思いつく、を考え出す,He came up with a great idea for the school festival.
company,会社,My father works for a small trading company.
details,詳細,The report didn't give enough details about the accident.
melt,溶ける、を溶かす,The ice began to melt as the sun rose.
direction,方向,方角,I lost my sense of direction in the big city.
injury,怪我,負傷,He suffered a serious injury during the soccer match.
silence,沈黙,The library was filled with silence.
tight,狭い、締まった,My new shoes feel a bit tight.
protect,を守る、保護する,It is important to protect the environment.
sharp,鋭い,Be careful; the knife is very sharp.
behind,背後に,The cat was hiding behind the sofa.
bother,面倒/迷惑をかける,I hope this doesn't bother you too much.
emergency,緊急、急ぎ,"In case of emergency, please call this number."
waste,を浪費する/浪費、廃棄物,Don't waste your time playing video games all day.
amount,量,額,A large amount of rain fell yesterday.
advantage,有利,利点,Learning a new language has many advantages.
object,物体,The strange object in the sky turned out to be a balloon.
add,足し算する、合計する,Please add these numbers together and tell me the total.
surface,表面,水面,Bubbles rose to the surface of the water.
destroy,を破壊する,The old building was destroyed in the fire.
knowledge,知識,Reading books gives you a lot of knowledge.
continue,をし続ける,They decided to continue the meeting after lunch.
immediately,即座に,Please call me immediately if anything happens.
correct,正確な/を訂正する,He gave the correct answer to every question.
government,政府,行政府,内閣,The government announced a new education policy.
raise,を上げる、持ち上げる,The company decided to raise the price of its products.
hurt,を傷つける,She didn't mean to hurt his feelings.
experiment,実験、試み,The scientists carried out an interesting experiment.
fail,失敗する,"If you fail the first time, try again."
material,材料,原料,This bridge is made of strong material.
recently,最近、このごろ,I met her recently at a friend's party.
spread,を広げる、広がる,News about the accident spread quickly through the town.
traffic,交通、運輸,The traffic was heavy on the way to school.
modern,現代的な、現代の,This is a very modern and stylish building.
reduce,を減らす、縮小する,We should reduce the amount of plastic we use.
distance,距離,The station is a short distance from my house.
opportunity,機会,好機,Studying abroad gave her a great opportunity to grow.
activity,活動,Swimming is my favorite activity in the summer.
abroad,外国で、外国へ,He wants to study abroad next year.
prefer,より好む,I prefer tea to coffee in the morning.
mention,言及する,She didn't mention the problem during the meeting.
although,だけれども,"Although it was raining, we went hiking."
climate,気候,The climate in this region is very mild.
condition,状態、条件,The car is in good condition even though it is old.
impression,印象,The new restaurant made a good impression on me.
item,項目,品目,Please check each item on this list carefully.
profit,利益、もうけ,The company made a large profit this year.
survey,調査/を見渡す,We conducted a survey to learn about students' habits.
sink,沈む,The boat began to sink slowly.
illness,病気,He was absent from school because of illness.
flavor,風味,味,This ice cream has a rich chocolate flavor.
expert,専門家,We asked an expert for advice about the problem.
borrow,を借りる,Can I borrow your pen for a moment?
notice,気づく/通知,I didn't notice that you changed your hairstyle.
quit,やめる,He decided to quit his job and travel the world.
silly,馬鹿な、愚かな,That was a silly mistake to make.
wealthy,裕福な,The wealthy family owns several houses.
behave,振る舞う,Please behave properly during the ceremony.
decrease,減少する、を減らす/減少,Sales have started to decrease this month.
divide,を分割する、分ける,We divided the cake into eight pieces.
ignore,を無視する,You should not ignore your parents' advice.
judge,を判断する/裁判官,It is hard to judge who is right in this case.
organize,を組織する、を編成する,They organized a big event for the community.
overcome,を克服する,She managed to overcome her fear of speaking in public.
narrow,幅が狭い,The road became narrow near the mountain.
attract,引きつける,Bright colors attract customers' attention.
breathe,呼吸をする,Take a deep breath and relax.
confuse,を混乱させる、区別がつかない,His strange story confused all of us.
reserve,を取っておく,Please reserve a table for four at seven o'clock.
asleep,眠っている,The baby was asleep in her mother's arms.
nervous,神経質な、ぴくぴくして,I feel nervous before every exam.
discuss,について議論する、検討する,Let's discuss this plan in more detail.
rarely,めったに〜ない,She rarely eats fast food.
thanks to,のおかげで,"Thanks to your help, I finished the project on time."
anyway,ともかく,"Anyway, let's talk about it later."
by the time,するまでには,"By the time we arrived, the concert had already started."
in particular,特に、とりわけ,"I like all seasons, but I love summer in particular."
take over,を引き継ぐ,He will take over his father's business next year.
in addition,追加として、さらに,"In addition to English, she can speak French."
be filled with,で満たされている,The basket was filled with fresh fruit.
even though,~だけれども、〜であるのに,"Even though he was tired, he kept working."
refrigerator,冷蔵庫,There is no milk in the refrigerator.
and so on,などなど,"The store sells books, magazines, and so on."
at most,多くとも、せいぜい,"At most, the trip will take three hours."
do me a favor,お願いをする,Could you do me a favor and carry this bag?
get along with,とうまくやっていく,It took time for him to get along with his classmates.
get back,取り戻す,She worked hard to get back her health after the illness.
in spite of,にもかかわらず,"In spite of the rain, the festival was a success."
keep in mind,を心に留めておく,Please keep in mind that the shop closes at nine.
on the way to,道の途中で,There is a nice cafe on the way to the station.
put down,置く,He put down his bag and sat on the sofa.
rely on,に頼る、を当てにする,You can always rely on your friends for support.
run out of,を使い果たす,We ran out of milk this morning.
so far,これまでは,"So far, everything has gone well with the project."
appeal to,に訴える,The advertisement is designed to appeal to young people.
as well,同様に、その上,"He is kind, and he is also very smart as well."
be good at,~が上手である,My sister is good at drawing pictures.
be responsible for,に対して責任がある,The manager is responsible for the team's performance.
call off,を中止する,The event was called off because of the storm.
in case,万一に備えて,Bring an umbrella in case it rains later.
on average,平均して,"On average, students spend two hours on homework every day."
on foot,歩いて,It takes about ten minutes to get there on foot.
out of order,故障して,"The elevator was out of order, so we used the stairs."
on purpose,故意に、わざと,He broke the vase on purpose to make his sister angry.
stay away from,離れている,You should stay away from strangers at night.
suffer from,で苦しむ、悩まされる,Many people suffer from stress these days.
apologize,謝る、謝罪する,He apologized for being late to the meeting.
succeed in,に成功する,She succeeded in passing the difficult exam.
after all,結局,"After all, he decided not to go to the party."
be popular with,に人気がある,This song is popular with young people.
be sick of,にうんざりしている,I'm sick of eating the same food every day.
be unlikely to,起こりそうにない,It is unlikely to rain this weekend.
catch up with,に追いつく,He ran fast to catch up with his friends.
differ from,とは違って、との違い,My opinion differs from yours on this topic.
in advance,前もって、事前に,Please make a reservation in advance.
in a hurry,急いで,She left the house in a hurry this morning.
participate in,に参加する,Many countries participate in the Olympic Games.
sooner or later,遅かれ早かれ,"Sooner or later, you will understand the reason."
try on,試着する,Can I try on this jacket before I buy it?
similar to,に似ている,This song sounds similar to one I heard before.
show off,見せびらかす,He likes to show off his new car.
turn down,断る,She turned down the job offer.
fill out,書き込む,Please fill out this form with your name and address.
mostly,主に、ほとんど,I mostly eat vegetables for dinner.
dig,を掘る,The dog dug a hole in the garden.
muscle,筋肉,Regular exercise helps build strong muscles.
bite,を噛む、かじる,The dog tried to bite the mail carrier.
treat,を扱う、待遇する,The doctor decided how to treat the patient's illness.
rather,むしろ、どちらかといえば,I would rather stay home than go out tonight.
apparently,明らかに,"Apparently, the train was delayed because of the accident."
spend,を費やす、使う,She spends most of her free time reading books.
discover,を発見する,Scientists discovered a new type of insect in the forest.
discovery,発見,His discovery changed the way people understood the universe.
arrival,到着,We are looking forward to her arrival tomorrow.
degree,程度,度,The temperature dropped by ten degrees overnight.
achieve,を達成する、到達する,He worked hard to achieve his dream.
attitude,態度,Her positive attitude helped the whole team.
explain,を説明する,Can you explain this word to me in Japanese?
establish,を設立する、創設する,The company was established fifty years ago.
tax,税金,The government raised the tax on cigarettes.
belief,信念,I have a strong belief that things will get better.
demonstrate,実証する、証明する,The teacher demonstrated how to solve the math problem.
ancient,古代の、大昔の,They found many ancient tools in the cave.
formal,形式の、形式的な,He wore a formal suit to the wedding.
allow,を許可する、許す,My parents don't allow me to stay out late.
article,記事,I read an interesting article about climate change.
contain,を含む、が入っている,This bottle contains one liter of water.
temperature,温度 気温,The temperature today is much higher than yesterday.
common,共通の、共同の,It is common for students to feel nervous before exams.
mean,を意味する,What does this English word mean?
hardly,ほとんどない,He hardly ever eats sweets.
unable,できない,She was unable to attend the meeting yesterday.
argument,議論、口論,They had an argument about money.
ancestor,祖先,先祖,Our ancestors lived in this village long ago.
capital,資本,首都,Tokyo is the capital of Japan.
disaster,災害,災難,The earthquake was a terrible disaster for the town.
height,高さ,The tower is famous for its great height.
ideal,理想,Her ideal job would be working as a doctor.
popularity,人気,流行,The band's popularity grew quickly after the concert.
blow,吹く,The strong wind began to blow harder.
decision,決定,結論,It was a difficult decision to make.
agent,代理人,The travel agent booked our flight tickets.
praise,をほめる/賞賛,His teacher praised him for his hard work.
punish,を罰する、懲らしめる,The teacher punished the students for being late.
chemical,化学物質/化学の,This factory produces various chemical products.
negative,否定の,He received a lot of negative comments online.
consist,成り立つ,The team consists of ten members.
criticize,を批評する,It's easy to criticize others but hard to help them.
import,輸入する,Japan imports a lot of oil from other countries.
promote,を促進する,The government wants to promote healthy eating habits.
recover,回復する,He is starting to recover from his illness.
release,解き放つ,Doctors finally released the results of the test.
translate,を翻訳する、通訳する,Can you translate this sentence into English?
warn,警告する,The sign warns people not to swim here.
childhood,子供時代,She had a happy childhood in the countryside.
thought,考えること、意見,I gave a lot of thought to the problem.
accomplish,を成し遂げる、完成する,He was able to accomplish his goal in the end.
combine,を結合させる、合同する,They combined the two companies into one.
complain,不満を言う,Stop complaining and start working.
favorite,特に好きな,Pizza is my favorite food.
responsible,責任がある、責任が伴う,Parents are responsible for their children's safety.
tiny,ごく小さい,The insect was too tiny to see clearly.
look down on,を下に見る,You shouldn't look down on other people.
get rid of,を取り除く,We need to get rid of these old newspapers.
instead of,の代わりに,"Instead of driving, let's take the train."
plenty of,たくさんの,There is plenty of food left for everyone.
stomach,腹,My stomach hurts after eating too much.
vision,未来像,She has a clear vision for her future.
expansion,拡張,拡大,The expansion of the city caused traffic problems.
occur,発生する、起こる,A strange thing occurred during the meeting.
indeed,実に、全く,"Indeed, this is the best restaurant in town."
solution,解決法,解明,They finally found a solution to the problem.
ease,容易さ、気楽さ,His joke helped to ease the tension in the room.
elect,を選出する,The students elected a new class leader.
unit,単位,Please choose the correct unit of measurement.
fact,事実,It is a fact that exercise is good for health.
educational,教育の,This is an educational program for young children.
manner,やり方、方法,He spoke to the customer in a polite manner.
suffering,苦しみ,The war caused great suffering for many families.
crucial,重要な、決定的な,Water is crucial for all living things.
tear,を引き裂く,She began to tear the paper into small pieces.
govern,統治する,The new president promised to govern fairly.
enforcement,執行,実施,The company improved the enforcement of safety rules.
brain,頭脳,脳,Using your brain every day keeps it healthy.
talented,才能のある,She is a talented young singer.
research,研究/研究する,He is doing research on ocean pollution.
firm,しっかりした、堅い,The company is a small but successful firm.
community,共同社会,They live in a friendly community.
force,力、勢い,The strong wind blew the tree down with great force.
past,過去の、終わった,He often thinks about his past mistakes.
right,正しい,You did the right thing by telling the truth.
impressive,印象的な,The view from the top was impressive.
salary,給料,He earns a good salary at his new job.
deal,を扱う、分配する,It is not easy to deal with such a big problem.
prompt,即座の,She gave a prompt reply to my email.
let A do,Aにさせる,Please let me know if you have any questions.
vote,投票する/投票権,He decided to vote for the new candidate.
president,社長、大統領,The president gave a speech to the nation.
range,範囲、幅,The mountain range stretches for many kilometers.
vital,極めて重要な、生命の,Clean water is vital for human life.
estate,財産,They bought a large estate in the countryside.
responsibility,責任,It is our responsibility to protect the environment.
unknown,未知の,The cause of the fire is still unknown.
grant,給付金,The student received a grant to study abroad.
perceive,知覚する,People perceive the world differently based on their experiences.
especially,特に,"I like all fruits, especially strawberries."
client,顧客,The lawyer met with his client to discuss the case.
mysterious,不可解な、不思議な,The old house looked mysterious in the moonlight.
steel,鋼鉄,This bridge is built with strong steel.
concept,概念,観念,It is a difficult concept to understand at first.
nevertheless,にも関わらず,"He was tired; nevertheless, he finished the race."
attribute,に帰する,People often attribute their success to hard work.
prevent,を妨げる、予防する,Wearing a helmet can prevent serious injuries.
manufacturer,製造元,製造業者,The car manufacturer opened a new factory.
effect,効果、影響,結果,The medicine had a good effect on his health.
million,100万,More than a million people live in this city.
encounter,遭遇する,I had an interesting encounter with an old friend.
accuse,告発する,They accused him of stealing the money.
briefly,簡単に、手短に,She briefly explained the plan to the team.
so-called,いわゆる,The so-called expert gave some wrong advice.
global,地球の,Climate change is a global problem.
according to,によると,"According to the weather report, it will rain tomorrow."
lack,不足,欠乏,There is a lack of fresh water in this area.
essay,論文,小説,She wrote an essay about her favorite book.
approach,に近づく、接近する,We need a new approach to solve this problem.
bear,我慢する、を圧迫する,It's hard to bear the summer heat this year.
natural,当然の、自然の,It is natural to feel nervous before a big test.
administration,機関、運営,The school administration decided to change the rules.
audience,聴衆 観客,The audience clapped loudly after the performance.
production,生産、製造,The factory increased its production of cars.
qualify,に資格を与える,You need to qualify for the next round.
intention,意図,"His intention was to help, not to hurt anyone."
previously,以前は、前もって,She had previously worked as a teacher.
language,言語,He is studying a foreign language at university.
fee,料金,手数料,There is a small fee for using this service.
nor,もない,"He can't sing, nor can he dance."
negotiation,交渉、話し合い,The two companies started a negotiation about the price.
automobile,自動車,He bought a new automobile last month.
dust,ほこり,There was a lot of dust on the old books.
extremely,極端に、過度に,It was extremely cold this morning.
echo,こだま,We heard a loud echo in the empty hall.
detailed,詳細の,She gave a detailed explanation of the plan.
maximum,最大、最大の,The maximum speed on this road is 60 kilometers.
pan,フライパン,He cooked the eggs in a frying pan.
improvement,改善、改良,There has been a great improvement in his English.
genius,天才,Everyone said the young pianist was a genius.
credit,信用,He paid for the trip with his credit card.
debt,借金,負債,She worked hard to pay off her debt.
resource,資源 資産,Water is a precious natural resource.
therapy,治療,She went to therapy to help with her stress.
glance,一目見る/一目,He took a quick glance at his watch.
storage,保管,We rented extra storage for our old furniture.
academic,学術の、大学の,She is doing well in her academic studies.
permit,を許可する,You need a permit to build a house here.
concern,心配する。に関係する,I have some concern about the new plan.
strain,張る,He felt a strain in his back after lifting the box.
role,役割,Everyone has an important role to play in the team.
nowhere,どこにも,There was nowhere to sit in the crowded train.
recent,最近の、新しい,This is a recent photo of my family.
mate,友達、仲間,He went out with his classmates.
distinguish,を区別する,It is hard to distinguish between the two colors.
sophisticated,洗練された,The restaurant has a sophisticated atmosphere.
upset,気持ちが動揺した、ひっくり返す,She was upset about losing the game.
disturb,を阻害する。(人の)邪魔をする,Please don't disturb him while he is studying.
invest,に投資する,They decided to invest in a new business.
intense,激しい、熱心な,The movie had an intense and exciting ending.
retire,退職する。引退する,My grandfather plans to retire next year.
wildlife,野生動物,We saw a lot of wildlife on our camping trip.
polite,礼儀正しい,He is always polite to everyone he meets.
entertain,を楽しませる,The clown entertained the children at the party.
competition,競争,There was strong competition among the players.
inquiry,問い合わせ、質問,She made an inquiry about the flight schedule.
period,期間,They stayed there for a long period of time.
bind,縛りつける、束ねる,She used a ribbon to bind the flowers together.
certain,ある、確信している,I am certain that he will win the race.
passenger,乗客,The passenger fell asleep during the long flight.
behavior,振る舞い、態度,His strange behavior surprised his classmates.
meanwhile,一方で、他方で,"Meanwhile, the other team was preparing for the game."
earn,稼ぐ,She works hard to earn extra money.
enter,入る,Please enter the room quietly.
complex,複雑な、複合の,The math problem was too complex for me.
moreover,さらに、その上,"Moreover, the hotel offers a free breakfast."
structure,構造,建造物,The structure of the building is very unique.
annoy,いらだたせる,Loud noises really annoy me.
direction,方向,方角,I lost my sense of direction in the forest.
influence,影響/影響を及ぼす,Her parents had a big influence on her decisions.
rapidly,素早く,The number of tourists is rapidly increasing.
detail,詳細,Could you explain that in more detail?
culture,文化,教養,Every country has its own unique culture.
prior,優先の、前の,This ticket has priority over regular tickets.
fire,首にする、火をつける/火、火事,Firefighters worked hard to put out the fire.
assessment,評価、査定,The teacher made an assessment of the students' work.
engaged,に従事して、忙しくして,He is engaged in an important research project.
regret,後悔する/後悔,遺憾,I regret not studying harder for the test.
excuse,言い訳/を許す,He gave a weak excuse for being late.
court,裁判所,中庭,The trial will be held in court next week.
solve,を解決する,It took him a long time to solve the puzzle.
threaten,を脅かす,The dark clouds threatened to bring heavy rain.
enable,に可能にさせる,This app will enable you to learn new words easily.
unfortunately,残念なことに、不幸にも,"Unfortunately, the concert was canceled due to rain."
representation,表現,The graph gives a clear representation of the data.
procedure,手続き、手順,Please follow the correct procedure when applying.
expectation,期待,予想,The results were better than our expectation.
asset,資産,"He has many valuable assets, including a house and a car."
dump,投げ捨てる,Please don't dump garbage in this area.
citizen,市民,国民,Every citizen has the right to vote.
occupation,職業,She has an interesting occupation as a pilot.
restore,を元に戻す。を修復する,They worked hard to restore the old castle.
significance,重要性,The discovery had great significance for medical science.
flow,流れる,The river continues to flow into the sea.
failure,失敗,He learned a lot from his failure.
earnings,収益、稼ぎ,The company's earnings increased this year.
disease,病気,疾患,This disease can be prevented with proper care.
peer,同僚,仲間,She talked with her peers about the school project.
strategy,戦略,The company changed its business strategy.
remarkable,目立った,She made a remarkable recovery after the surgery.
heel,かかと,He hurt his heel while running.
definitely,絶対に、確実に,I will definitely come to your birthday party.
ordinary,ふつうの、いつもの,It was just an ordinary day at school.
isolate,を孤立させる、隔離する,The sick patient had to be isolated from others.
competitive,競争力のある、競争による,The market has become more competitive recently.
progress,進歩,前進,We have made great progress on this project.
typical,典型的な,It is typical for teenagers to enjoy loud music.
compete,競争する,The two teams will compete for the championship.
assault,暴行,攻撃,He was arrested for the assault on his neighbor.
conviction,信念,He has a strong conviction that honesty is important.
terrible,ひどい、恐ろしい,The weather was terrible during our trip.
bill,請求書,Please pay this bill by the end of the month.
pain,痛み、苦痛,She felt a sharp pain in her leg.
emphasize,を強調する。力説する,The teacher emphasized the importance of practice.
weather,天候,天気,The weather was perfect for a picnic.
immigrant,移民,Many immigrants come to this country looking for work.
interpret,を解釈する、受け取る,It is hard to interpret his true feelings.
thick,厚い,The book is too thick to finish in one day.
merchant,商人,The merchant sold spices from many countries.
physics,物理学,He is studying physics at university.
trigger,引き金,Loud noises can trigger her headaches.
status,状態,身分,His social status changed after he got the new job.
worth,の価値がある。(~するに)値する,This old book is worth a lot of money.
relation,関係性,There is a close relation between diet and health.
later,後に,I will call you back later.
political,政治の,He is interested in political issues.
truth,真実,"She always tells the truth, even when it's hard."
partly,部分的に,The problem was partly caused by the bad weather.
observe,を観察する,Scientists observe the stars through a telescope.
stream,流れ,A small stream flows through the forest.
oppose,反対する,Many citizens oppose the new tax plan.
quite,かなり,It is quite cold outside today.
conscious,意識して,He became conscious of his mistake.
intend,意図する,I intend to study medicine in the future.
operation,操作,作用,The doctor performed a difficult operation.
recommend,を推薦する、を勧める,I recommend this restaurant to all my friends.
feature,特徴/を目玉とする,This phone has many useful features.
consideration,考慮,考察,"After careful consideration, she chose the smaller apartment."
diet,食事,食事療法,He is on a strict diet to lose weight.
horror,恐怖,The movie was full of horror and suspense.
population,人口,国民,The population of the city has grown quickly.
necessarily,必然的に,Success is not necessarily about money.
agree,同意する,I agree with your opinion on this matter.
whether,どちらか,I don't know whether he will come or not.
analysis,分析,The scientist did a careful analysis of the data.
conflict,対立、争い,There was a conflict between the two groups.
extreme,極端な,"The weather was extreme, with heavy snow and strong wind."
wherever,どこでも,You can call me wherever you are.
source,情報源,原因,This news comes from a reliable source.
objective,目標、目的地,Her main objective is to become a doctor.
rural,田舎の,He grew up in a small rural town.
headline,見出し、表題,The newspaper headline caught everyone's attention.
analyst,分析者,The financial analyst gave advice about the stock market.
sign,標識,印,合図,There was no sign of life on the island.
clue,手がかり、糸口,The police found an important clue at the scene.
controversial,議論の的になる、論争上の,The new law became a controversial topic.
realize,だとわかる、実現する,He didn't realize how late it was.
surround,を取り囲む、を包囲する,Mountains surround the small village.
commission,手数料,委任状,The city set up a commission to study the problem.
seek,求める、捜し出す,They continue to seek a peaceful solution.
independent,独立した,She wants to become financially independent.
proposed,提案した,The city approved the proposed plan for a new park.
international,国際的な,Many international students study at this university.
several,幾つかの,Several students were absent from class today.
theory,理論,学説,He has an interesting theory about the universe.
fellow,仲間,He met his old fellow from college.
elderly,年配の,We should take care of elderly people in our community.
extension,拡張,延長,The city built an extension to the library.
proper,適切な、ふさわしい,You should use the proper tools for the job.
enhance,強調する。(さらに)高める,Good lighting can enhance the beauty of a room.
beyond,~を越えたところに,The sound traveled beyond the mountains.
hear from,から便りがある、連絡をもらう,I haven't heard from him in a long time.
due,期限の、納期の,The rent is due at the end of the month.
existing,既存の,They plan to renovate the existing building.
expand,拡大する、広がる,The company wants to expand into new markets.
wrong,間違い、誤った,It is wrong to tell lies.
rebel,反逆者,The soldiers tried to rebel against the government.
suffer,を患う、苦しむ,She continues to suffer from back pain.
within,以内で,The keys are within the drawer.
taste,味/な味がする,This dish has a sweet and sour taste.
democrat,民主主義者,He supports the Democrat candidate in the election.
personally,個人的に、本人自ら,I don't personally agree with his decision.
throughout,至るところに、終始,She traveled throughout Europe last summer.
preserve,保存/を保存する,We must preserve nature for future generations.
intelligent,かしこい、知能の高い,Dolphins are considered highly intelligent animals.
slide,滑る,He hurt his leg when he tried to slide into base.
popular,人気のある,This song is very popular among teenagers.
murder,殺人,The police are investigating a murder case.
attend,出席する、付き添う,She couldn't attend the meeting because of a cold.
constantly,常に,He constantly checks his phone for messages.
drift,漂流,The boat began to drift out to sea.
result,結果,The result of the exam surprised everyone.
priority,優先度,優先権,Health should be our top priority.
joint,継目、関節,They created a joint project between two schools.
viewer,観察者,視聴者,The number of TV viewers has increased.
satellite,衛星,The satellite sends signals to Earth.
distant,遠く離れた,They live in a distant country.
delivery,配達,The delivery of the package was delayed.
anxious,心配して、不安な,She felt anxious before the interview.
towards,の方へ,The boat sailed towards the harbor.
employee,従業員,He is a hard-working employee at the company.
significant,重要な,There is a significant difference between the two plans.
particular,特定の,He has a particular interest in ancient history.
pick up,拾う,Could you pick up some milk on your way home?
criticism,批判,He received a lot of criticism for his speech.
appear,現れる,A rainbow appeared after the storm.
permission,許可,認可,You need permission to enter this area.
virus,ウイルス,The doctor warned about the dangers of the virus.
deny,を否定する,He denied that he had broken the window.
valuable,貴重な、価値のある,Time is more valuable than money.
comprehensive,包括的な、理解力のある,She gave a comprehensive report on the project.
till,まで,Please wait till the meeting is over.
properly,適切に,Make sure you fill out the form properly.
vulnerable,傷つきやすい,Old people can be vulnerable to the cold weather.
directly,直接,直接的に,You can contact me directly by phone.
occupy,占める,Soldiers occupied the small village during the war.
curious,好奇心が強い,She is curious about how things work.
vary,多様化する、異なる,Prices vary depending on the season.
stare,じっと見つめる,He continued to stare at the painting.
decade,10年間,They have lived in this town for a decade.
armed,武装した,The building was guarded by armed police.
seem,の様に見える、思われる,It seems that he has already left.
fate,運命,宿命,It was his fate to become a great leader.
convince,を納得させる,His confidence helped to convince us of his plan.
criminal,犯罪の,The criminal was arrested by the police.
stable,安定した,His job gives him a stable income.
naked,裸の,The children swam naked in the river when they were little.
Jewish,ユダヤ人,There is a large Jewish community in the city.
senate,上院,The senate voted on the new law.
hide,隠す。隠れる,The cat tried to hide under the bed.
recovery,回復,His recovery from the injury took several months.
bond,拘束、束縛,There is a strong bond between the two friends.
portrait,肖像画,The artist painted a beautiful portrait of the queen.
intervention,介在,仲裁,The doctor's early intervention saved the patient's life.
consistent,一貫した。矛盾のない,He gives a consistent effort in everything he does.
investigator,捜査官,The investigator searched for more evidence.
normally,通常は、普通に,I normally wake up at seven o'clock.
conclude,を締めくくる、終える,The teacher asked us to conclude our essays.
well-known,よく知られた、有名な,He is a well-known singer in Japan.
development,発展、発達,開発,The development of the new drug took many years.
desire,願望/切望する,She has a strong desire to become a doctor.
probably,おそらく,He will probably arrive late because of the traffic.
respond,反応する、と返答する,She didn't respond to my email.
involvement,関与、関わり合い,His involvement in the project was very important.
minister,大臣,牧師,The prime minister gave a speech yesterday.
patch,当て布、布切れ,He sewed a patch on his old jeans.
chairman,会長,He was elected chairman of the committee.
ethnic,民族の、民族特有の,The city is home to many different ethnic groups.
lap,ひざ,The cat slept on my lap all afternoon.
refer,を参考にする、参照する,Please refer to page ten for more information.
repair,を修理する、修繕する,We need to repair the broken window.
current,現在の、現行の,What is the current situation at the office?
obviously,明らかに、明白に,"Obviously, he didn't study for the test."
ceiling,天井,There is a crack in the ceiling.
philosopher,哲学者,The famous philosopher wrote many books about life.
suicide,自殺,The organization works to prevent suicide among young people.
social,社会の,Social media has changed the way people communicate.
potential,潜在的な,He has the potential to become a great athlete.
sum,合計,The sum of two and three is five.
draw,描く、引っ張る,She likes to draw pictures of animals.
rough,ごつごつした、粗い,The road was rough and full of stones.
fundamental,基本的な、基礎の,Honesty is a fundamental value in our family.
association,協会連合,He joined an association for young musicians.
yield,産出する。生ずる,The new policy is expected to yield good results.
politician,政治家,The politician made a promise to lower taxes.
department,部門,She works in the marketing department.
palm,手のひら,He held the small bird gently in his palm.
phenomenon,現象,Rainbows are a beautiful natural phenomenon.
admit,を認める、入ることを許す,He admitted that he had made a mistake.
critical,極めて重要な、批判的な,The doctor said his condition was critical.
throat,のど,She had a sore throat and couldn't speak.
adapt,に適合させる,It took him a while to adapt to the new school.
largely,主として,The success of the project was largely due to teamwork.
belong,に属する,This book belongs to the school library.
attempt,試み,He made an attempt to fix the computer himself.
impress,感銘を与える,Her performance really impressed the judges.
submit,を提出する。に服従する,Please submit your homework by Friday.
bored,退屈した,The students looked bored during the long lecture.
electric,電気の,We bought a new electric car last month.
civilized,発達した文明をもつ、教養の高い,Ancient Rome was a highly civilized society.
combat,戦闘,The two countries have been in combat for years.
destruction,破壊,The storm caused a lot of destruction in the town.
ally,と同盟する,The two countries became close allies after the war.
similarly,同様に,"Similarly, the second experiment gave the same result."
complete,完全な、全部の,He finally completed the marathon after five hours.
complicated,複雑な,The math problem was too complicated for me.
mad,狂った,He was mad at his brother for breaking his toy.
hate,ひどく嫌う,I hate waiting in long lines.
urban,都会の,More people are moving to urban areas.
reputation,評判,The restaurant has a good reputation for its food.
phase,段階,The project is now in its final phase.
philosophy,哲学,She studies philosophy at university.
shooting,撮影,射撃,The news reported a shooting in the city center.
include,を含む,The price includes tax and delivery.
medium,中間の,Social media is a powerful medium for communication.
contemporary,現在の、現代の,This is a piece of contemporary art.
jury,陪審員,The jury decided the man was not guilty.
huge,巨大な、莫大な,They live in a huge house near the beach.
die,死ぬ,Many plants die without enough water.
examine,を検査する,The doctor will examine you now.
element,要素,元素,Water is a key element of life.
mainly,主に、もっぱら,He is mainly interested in science and math.
success,成功,Hard work is the key to success.
exist,存在する。実在する,Dinosaurs no longer exist today.
gentle,穏やかな、物柔らかな,She has a gentle way of speaking to children.
occasion,特定の時、行事,祭典,We only meet on special occasions.
accompany,に付き添う。に同行する,Her mother will accompany her to the hospital.
virtually,実質的に,The plan is virtually impossible to carry out.
withdraw,を撤回する、引き下がる/引き出す,He decided to withdraw money from the bank.
leisure,余暇,She spends her leisure time reading novels.
representative,代表者,代理人,He is a representative of the student council.
mass,塊,大部分,The mass of the object was measured carefully.
honest,正直な,He is known for being honest and fair.
imply,をほのめかす,Her silence seemed to imply that she disagreed.
mixture,混合物,The drink is a mixture of juice and soda.
aware,気づいている、知っている,He became aware of the danger too late.
device,装置、仕掛け,This device helps people with hearing problems.
deputy,代理,The deputy manager took over while the boss was away.
smell,においがする,I love the smell of fresh bread.
overall,全体的な、全部の,"Overall, the trip was a great success."
custom,習慣,It is a local custom to remove shoes indoors.
roll,転がる,The ball began to roll down the hill.
exposure,暴露、さらすこと,Too much exposure to the sun can be harmful.
term,期間,専門用語,I don't understand the meaning of this term.
industry,産業,The country's economy depends on the car industry.
otherwise,さもなければ,"You should study hard, otherwise you will fail the test."
electronic,電子の,He bought a new electronic device for his work.
proud,自慢に思って、誇らしげな,She is proud of her daughter's achievements.
task,仕事,He finished the task before the deadline.
concentration,集中,専念,It is hard to keep your concentration for a long time.
debate,討論,The two sides had a heated debate about the topic.
suggest,を提案する,I suggest we leave early to avoid the traffic.
derive,を引き出す,The word 'photograph' is derived from Greek.
lawn,芝生,He mowed the lawn every Sunday.
compose,を構成する、作曲する,She likes to compose her own songs.
react,反応する,How did you react to the news?
proportion,比率,割合,A large proportion of students passed the exam.
confident,自信のある,She felt confident about her presentation.
manufacturing,製造している,The factory is famous for its manufacturing of cars.
multiple,掛け算する,He has multiple reasons for changing jobs.
chest,たんす、チェスト,He felt a pain in his chest after running.
authority,権威、権力,The teacher has full authority in the classroom.
creature,生き物,They discovered a strange creature in the cave.
wear,身につけている,She likes to wear bright colors.
swear,誓う,He swore that he would never tell a lie.
survival,生存,Wild animals must fight for survival in the forest.
attractive,魅力的な、興味をそそる,She wore an attractive dress to the party.
union,統合,一致,He is a member of the workers' union.
prisoner,囚人,The prisoner was released after ten years.
sight,見ること、視力,He lost his sight in an accident.
expose,明らかにする,Don't expose your skin to the sun for too long.
therefore,それゆえ、だから,"It was raining; therefore, the game was canceled."
prosecutor,検察官,The prosecutor presented strong evidence in court.
present,現在の、出席して,She will present her research at the conference.
publication,出版物,The magazine's latest publication was a big success.
dull,面白みのない、鈍い,The movie was so dull that I fell asleep.
aspect,局面、側面,表情,There are many aspects to consider before deciding.
advice,助言,He gave me some good advice about my career.
fair,公平な,It's not fair to blame him for everyone's mistakes.
via,~経由で,We traveled to Paris via London.
mayor,市長,町長,The mayor announced a new plan for the city.
lose,失う,He tends to lose his temper easily.
judgement,判断,The judge's judgement was based on strong evidence.
observer,観察者,The observer noted every detail of the experiment.
tongue,言葉,舌,He burned his tongue on the hot soup.
defendant,被告人,The defendant stood quietly in the courtroom.
handle,を手で扱う、に対処する/取っ手,She knows how to handle difficult customers.
component,成分,Each component of the machine was carefully checked.
declare,を宣言する、公表する,The country declared independence in 1950.
squeeze,絞る、押しつぶす,He squeezed the orange to make fresh juice.
maintain,を維持する,It's important to maintain a healthy diet.
passage,一節,We read a passage from the novel in class.
bitter,苦い,The medicine had a bitter taste.
whom,誰を,She is the friend to whom I lent my book.
split,割る、裂く,They decided to split the bill evenly.
capable,可能性がある、才能のある,She is capable of solving difficult problems.
habit,習慣,It is a good habit to read every day.
concrete,具体的な,They built a concrete wall around the garden.
remaining,残りの,We spent the remaining time cleaning the room.
depend,依存する,Success often depends on hard work.
dependent,依存している,Children are usually dependent on their parents.
so that,とても...なので,Please speak slowly so that everyone can understand.
argue,だと主張する、感情的に論じる,They argued about who should pay for dinner.
consequence,結果,影響,He didn't think about the consequences of his actions.
outcome,結果、成果,We are waiting to see the outcome of the election.
heritage,遺産,This temple is an important part of our cultural heritage.
ban,を禁止する/禁止,The city decided to ban smoking in public parks.
master,主人,支配人,He became a master of the piano after years of practice.
biological,生物学上の,Humans and animals share many biological features.
voter,投票者,Every voter has the right to choose freely.
landscape,風景、眺め,The mountain landscape was breathtaking.
moment,瞬間,瞬時,Please wait a moment; I'll be right back.
occasionally,時折、たまに,He occasionally visits his grandparents on weekends.
practical,実用的な,She gave us some practical advice about studying abroad.
wipe,を拭く,He wiped the table clean after dinner.
tradition,伝統,It is a tradition to eat noodles on New Year's Eve.
affair,事柄,The scandal became a major public affair.
reward,褒美,報酬,Hard work always brings its own reward.
award,賞,She received an award for her excellent essay.
purpose,目的、目標,The purpose of this meeting is to plan the event.
gather,を集める,We gathered around the fire to keep warm.
respect,尊敬,You should respect your teachers and elders.
advertise,宣伝する。広告する,The company decided to advertise its new product on TV.
eventually,結局は、やがて,"Eventually, he found the courage to speak up."
approval,承認,The plan received approval from the committee.
reach,到着する,It took us three hours to reach the summit.
afraid,心配して、恐れて,She was afraid of the dark when she was little.
commercial,商業の,There were many commercial breaks during the show.
harmful,有害な,Smoking is harmful to your health.
suggestion,提案,I have a suggestion for improving our project.
contrast,対照,"In contrast to his brother, he is very quiet."
coal,石炭,This power plant burns coal to produce electricity.
headquarters,本部,The company's headquarters is located in Tokyo.
absorb,を吸収する,Plants absorb sunlight to make energy.
proposal,提案,The city council rejected the proposal.
consumer,消費者,Consumer prices have gone up this year.
historic,由緒のある、歴史に残る,The historic castle attracts many tourists.
pursue,追い求める、追跡する,She decided to pursue a career in medicine.
immediate,即座の,They took immediate action after the accident.
knee,膝,He hurt his knee while playing soccer.
apply,適用する,You need to apply for a visa before traveling.
existence,存在,He believes in the existence of aliens.
dismiss,を退出させる,The teacher dismissed the class early.
regional,地方の,There was a regional difference in accents.
war,戦争,The war caused great suffering for many people.
factor,要因,Bad weather was a major factor in the delay.
constant,絶え間ない、一定の,He works under constant pressure at his job.
encourage,を勇気づける、励ます,Teachers should encourage students to ask questions.
prayer,祈り、礼拝,She said a quiet prayer before the exam.
forward,前方へ,He looked forward to seeing his family again.
principle,原理,Honesty is one of my basic principles.
supporter,支援者,He is a strong supporter of the local team.
stimulate,を刺激する、元気づける,Coffee can stimulate the brain and keep you awake.
address,住所,Please write your name and address in this box.
accept,受け入れる,I accept your apology.
increase,を増やす、増大させる,There was a sharp increase in prices this year.
remind,に思い出させる、に気付かせる,This note will remind you of the meeting time.
proof,証拠,There is no proof that he broke the rule.
appropriate,適当な,It is not appropriate to talk loudly in the library.
deserve,値する,She deserves to be praised for her hard work.
establishment,設立,The school is a respected educational establishment.
definition,定義,Please give a clear definition of this term.
economic,経済の,The country is facing serious economic problems.
introduce,紹介する,Let me introduce you to my new colleague.
convey,伝える、運ぶ,His speech failed to convey his true feelings.
partnership,共同,提携,The two companies formed a business partnership.
attorney,弁護士,代理人,He hired an attorney to help with his case.
index,索引,Please check the index at the back of the book.
circumstance,状況,環境,"Under these circumstances, we have no choice but to wait."
conversation,会話,We had a long conversation about our future plans.
poet,詩人,She is a famous poet known for her beautiful poems.
craft,工芸、技能,He learned the craft of woodworking from his father.
spill,をこぼす,He accidentally spilled coffee on his shirt.
reject,拒絶する。断る,She decided to reject the job offer.
province,州,They traveled through several provinces during their trip.
admission,入場,入場料,Admission to the museum is free for children.
consumption,消費、消費高,We should reduce our consumption of plastic.
bishop,司教,The bishop gave a speech at the church.
fuel,燃料,Cars need fuel to run.
guess,推測する,I guess it will rain tomorrow.
economy,経済、節約,The country's economy is growing quickly.
construct,を組み立てる、建設する,They plan to construct a new bridge next year.
assistance,支援、手伝い,He offered his assistance to the new students.
implement,実施する/道具,手段,The government will implement the new policy next month.
peak,頂上,The mountain's peak was covered in snow.
sculpture,彫刻,The museum displayed an ancient sculpture.
various,様々な,There are various ways to solve this problem.
symptom,症状,A high fever is a common symptom of the flu.
tribe,部族,The tribe has lived in this forest for centuries.
agriculture,農業,Agriculture is an important industry in this country.
dealer,販売業者,He works as a car dealer in the city.
unlike,と異なって、とは違って,"Unlike his brother, he is very shy."
invent,を発明する,Alexander Graham Bell is famous for inventing the telephone.
treaty,条約,The two countries signed a peace treaty.
trust,信頼 信用,You can trust him to keep your secret.
instruction,指示,指導,Please follow the instructions carefully.
comedy,喜劇,We watched a funny comedy last night.
absolutely,絶対に,I am absolutely sure that he is right.
alliance,同盟、協定,The two countries formed an alliance during the war.
law,法律,It is against the law to steal.
evil,邪悪な,The story is about the fight between good and evil.
chamber,小部屋,The senators met in the chamber to discuss the bill.
suppose,だと思う、と仮定する,I suppose he will be late again.
develop,を発達させる、を開発する,Children develop quickly in their first few years.
remember,覚えている、を思い出す,I will always remember this wonderful trip.
entitle,と題する、権利を与える,This ticket entitles you to a free drink.
significantly,かなり,Prices have risen significantly this year.
confidence,自信,信頼,She has great confidence in her own abilities.
national,国の、国民の,They sang the national anthem before the game.
whenever,する時はいつでも,"Whenever I feel stressed, I go for a walk."
rush,突進する。急ぐ、急ぎ,He had to rush to catch the train.
female,雌の、女性の,There are more female students than male students in this class.
identity,同一性,He is still trying to find his own identity.
independence,独立,自立,The country celebrated its independence day.
match,試合,The colors of your shirt and pants don't match.
fix,固定する,Can you fix my computer? It isn't working.
cooperation,協力,Good cooperation between team members is important.
coalition,連立,連合,The two parties formed a coalition government.
detect,を検出する、を感知する,The machine can detect small changes in temperature.
interior,内部の,The interior of the house was beautifully decorated.
alter,を変える,They decided to alter their plans because of the weather.
retirement,退職 引退,He is looking forward to his retirement next year.
sensitive,敏感な,"This is a sensitive topic, so please be careful."
reply,返答する,She didn't reply to my message yet.
opposition,反対 対立,The opposition party criticized the new law.
export,を輸出する,Japan exports many electronic products.
psychologist,心理学者,She visited a psychologist to talk about her stress.
pension,年金,He receives a small pension every month.
correspondent,特派員,The reporter is a foreign correspondent in Paris.
duty,職務,関税,It is our duty to help those in need.
attach,を貼り付ける,Please attach the file to your email.
personality,人格,性格,She has a bright and friendly personality.
fully,十分に、完全に,I am fully aware of the risks involved.
scheme,計画、案,The company introduced a new marketing scheme.
install,導入する,They installed new software on all the computers.
ingredient,材料、原料,成分,Sugar is the main ingredient in this cake.
flood,洪水,The heavy rain caused a flood in the town.
folk,人々,The museum displayed traditional folk art.
election,選挙,The election will be held next month.
despite,にも関わらず,"Despite the rain, the event was a great success."
revolution,革命,The internet caused a revolution in communication.
promotion,昇進,進級,She received a promotion at work last month.
industrial,産業の,This town has a long history of industrial growth.
dramatic,劇的な,There was a dramatic change in the weather.
lean,傾く、寄りかかる,He began to lean against the wall.
exhibition,展示,We visited an art exhibition at the museum.
compromise,妥協、和解,They reached a compromise after a long discussion.
anxiety,心配,不安,She felt a lot of anxiety before the exam.
relevant,関連のある、適切な,This information is not relevant to our discussion.
observation,観察,Careful observation helped the scientist find the answer.
manager,部長、支配人,The manager praised the team for their hard work.
defeat,負かす、打ち破る,Our team suffered a defeat in the final match.
surgery,手術,外科,He had surgery on his knee last week.
reaction,反応,Her reaction to the news was one of surprise.
abandon,を捨て去る,He decided to abandon the plan.
crisis,危機,難局,The country is facing an economic crisis.
comfort,快適さ/慰める,A warm blanket gave her comfort on the cold night.
wise,賢い,It was wise of him to save some money.
sustain,保持する、続けてする,Trees help to sustain life on Earth.
hire,雇う,The company decided to hire more workers.
slip,滑る,She slipped on the wet floor.
entirely,完全に、全く,I entirely agree with your opinion.
totally,完全に、全く,I am totally exhausted after the long trip.
extensive,広範な,The company made an extensive study of the market.
represent,を表す、を代表する,This flag represents our country.
receive,を受理する、受け取る,I received your letter yesterday.
employ,雇う,The company will employ ten new workers next month.
hang,つるす、掛ける,He decided to hang the picture on the wall.
context,文脈,It is important to understand the context of the story.
famous,有名な,She is a famous actress in Japan.
assumption,想定,仮説,His plan was based on a false assumption.
charge,非難 料金,管理/に請求する,He was in charge of the project.
civilization,文明,Ancient Egypt was one of the world's great civilizations.
aid,援助/助ける,Doctors gave aid to the injured people.
poll,投票,The results of the poll surprised everyone.
scientific,科学の,He is doing scientific research on climate change.
pleasure,楽しみ、喜び,Reading gives me a lot of pleasure.
dislike,嫌がる、嫌い,I dislike waiting in long lines.
environment,環境,We should take care of our environment.
girlfriend,女友達,He introduced his girlfriend to his parents.
coast,海岸,沿岸地域,They spent the day walking along the coast.
evolution,進化、発展,The theory of evolution changed how people understand nature.
recall,呼び戻す。思い出す,I can't recall his name right now.
agreement,同意,They reached an agreement after a long discussion.
county,州,The county holds a fair every summer.
nation,国家,People from every nation attended the conference.
negotiate,交渉する,The two sides continue to negotiate a peace deal.
depth,深さ,The lake has great depth in the middle.
musician,音楽家,She dreams of becoming a famous musician.
threat,脅威,Pollution is a serious threat to our environment.
transform,を変える,Technology has transformed the way we live.
method,方法,They used a new method to solve the problem.
jail,刑務所,拘置所,He was sent to jail for stealing.
university,大学,She studies biology at university.
primitive,原始的な,Early humans used primitive tools made of stone.
emerge,現れる,New problems began to emerge as the project continued.
physical,身体の、肉体の,Regular exercise is good for your physical health.
false,誤った,He gave a false statement to the police.
highlight,目立たせる、最も明るい部分,The report highlighted the need for more funding.
estimate,を推定する、評価する,Scientists estimate that the project will take five years.
reasonable,理性のある,It is reasonable to expect a discount for buying in bulk.
efficient,効率のいい,This new machine is very efficient.
initiative,主導権,独創力,She showed great initiative by starting the project herself.
recommendation,推薦,The doctor gave a recommendation for a healthier diet.
according,による、準じて,"According to the news, the storm will hit tonight."
implication,含み、裏の意味,The implication of his words was clear.
seldom,めったに〜ない,He seldom eats fast food.
pregnant,妊娠している,She is pregnant with her first child.
society,社会,Modern society depends heavily on technology.
breath,息、呼吸,He took a deep breath before starting his speech.
employer,雇用者,My employer gave me a day off for the holiday.
advertising,広告,The company spends a lot of money on advertising.
equipment,装置,設備,The hospital bought new medical equipment.
universe,宇宙,Scientists are still learning about the universe.
addition,追加,"In addition to English, she studies French."
visible,目に見える,The stars were barely visible through the clouds.
opinion,意見,考え,"In my opinion, this is the best solution."
decline,断る、拒否する,Sales began to decline after the holiday season.
male,男性、雄,There are more male workers than female workers here.
somehow,どうにか,He somehow managed to finish the project on time.
suit,適合する,This suit fits you perfectly.
latter,後者の、後半の,"Of the two options, I prefer the latter."
merely,単に,He is merely a beginner at chess.
appearance,出現,外見,Her appearance changed a lot after the haircut.
fairly,かなり、公平に,It was a fairly easy test.
chapter,章、区切り,Let's read the next chapter of the book.
nearby,近くの,There is a nearby park where children can play.
settle,決着させる、解決する,They finally settled their argument.
contribute,に寄付する、捧げる,Everyone should contribute to the success of the team.
foreign,外国の,She has many foreign friends from different countries.
extend,延びる、延長する,They decided to extend the deadline by a week.
policy,政策、方針,The government announced a new economic policy.
cope,対処する,It is not easy to cope with such stress.
religion,宗教、信仰,People practice many different religions around the world.
conclusion,結論,We came to the conclusion that the plan was too risky.
treatment,扱い、処理,The doctor gave him a new treatment for his cold.
alternative,代替物,代案,Walking is a good alternative to driving short distances.
reverse,反対の、裏側の,He tried to reverse the car out of the garage.
former,前の,The former president gave a speech last night.
victim,犠牲者,The victim was taken to the hospital.
distinction,区別、相違,There is a clear distinction between the two ideas.
lab,研究室,The scientist works in a research lab.
literary,文学の,She studies literary works from the nineteenth century.
twin,ふたご,My twin sister and I look very similar.
patient,我慢強い、患者,The doctor examined the patient carefully.
state,状態,He described the state of the economy in his speech.
forever,永遠に,I will remember this trip forever.
propose,を提案する、申し出る,He proposed a new plan to the committee.
pleasant,楽しい,We had a pleasant conversation over dinner.
content,中身,内容,目次,I am happy with the content of the report.
order,命令,Please put the books in order by size.
superior,より優れた,The new phone is superior to the old model.
pretend,ふりをする,He tried to pretend that he wasn't tired.
unique,に類を見ない、唯一の,Each snowflake has a unique shape.
preparation,準備,She spent a lot of time on preparation for the exam.
afford,余裕がある,I can't afford to buy a new car this year.
congress,会議,Congress passed a new law last week.
nuclear,核の,Some countries use nuclear power to generate electricity.
regarding,に関して,He asked a question regarding the schedule.
party,政党,We are going to a birthday party tonight.
finance,財政,The government controls the country's finance.
financial,財政の,She works in the financial department of the company.
intelligently,かしこく,He always acts intelligently in difficult situations.
describe,を述べる、描写する,Can you describe what happened at the meeting?
operate,操作する,The factory workers know how to operate the machines.
embrace,を抱きしめる、を抱擁する,She decided to embrace the new challenge.
resistance,抵抗,The team showed strong resistance against the opponents.
dozen,12の,She bought a dozen eggs at the store.
corridor,廊下,The classroom is at the end of the corridor.
background,背景,He has a strong background in computer science.
strike,叩く、打つ,The workers went on strike to demand higher pay.
educate,教育する。訓練する,Schools work hard to educate the next generation.
fabric,織物,This dress is made of soft cotton fabric.
clerk,事務員,社員,The clerk helped me find the right size.
evidence,証拠,The police found strong evidence at the crime scene.
concentrate,に集中する,You need to concentrate on your studies.
funding,資金調達,The school received extra funding for new books.
extraordinary,普通でない、異常な,She has extraordinary talent for painting.
civilian,民間人,一般市民,The city provided shelter for the civilian refugees.
history,歴史,He is interested in the history of Japan.
maintenance,持続 保全,The car needs regular maintenance every few months.
faith,信頼、信用,She has strong faith in her own abilities.
alike,よく似た,The two brothers look alike.
grammar,文法,He made a small mistake in English grammar.
vehicle,乗り物、車,They bought a new vehicle for the family.
remain,のままである、残る,He decided to remain silent during the meeting.
benefit,利益/に利益をもたらす,Exercise has many health benefits.
length,長さ,The length of the river is over 300 kilometers.
carbon,炭素,Cars release a lot of carbon into the air.
useful,役に立つ,This tool is very useful for gardening.
fat,太った,Eating too much fat is not good for your health.
provision,供給,支給,The new law made provision for free education.
subject,教科,主題,Math is my favorite subject at school.
region,地域,This region is famous for its beautiful mountains.
boundary,境界,The fence marks the boundary between the two gardens.
adopt,を自分のものにする、を取り入れる,They decided to adopt a cat from the shelter.
wisdom,知恵、賢明さ,The old man shared his wisdom with the young students.
express,表現する、を言い表す,She couldn't express her feelings in words.
brick,れんが,The old house was made of red brick.
creation,創造,The invention was a great creation of human intelligence.
greet,を出迎える。に挨拶する,She smiled and greeted her new classmates.
block,を妨げる,The heavy traffic began to block the road.
escape,逃れる、脱走する,The prisoner tried to escape from jail.
obtain,を手に入れる、を獲得する,He worked hard to obtain a good education.
gradually,次第に、だんだんに,The weather is gradually getting warmer.
obvious,明白な,It was obvious that he was tired.
innocent,罪のない、無罪の,The judge decided that the man was innocent.
distribution,分布,配分,The company handles the distribution of the products.
exactly,正確に,I don't know exactly what happened.
continent,大陸,Africa is the second largest continent in the world.
arms,武器,The soldiers put down their arms.
compound,調合する,Water is a compound made of hydrogen and oxygen.
public,公共の,The library is open to the public.
awareness,気づき,There is growing awareness of climate change.
remove,を取り除く、を除去する,Please remove your shoes before entering the house.
opponent,相手,He defeated his opponent in the final match.
neighborhood,近所,They moved to a quiet neighborhood last year.
while,一方で,She read a book while waiting for the bus.
council,議会、会議,The city council meets once a month.
suitable,適した、好都合な,This dress is suitable for a formal party.
secretary,秘書,She works as a secretary at a law firm.
participate,参加する,Many students participate in club activities after school.
politics,政治,He is very interested in politics.
accurate,正確な、的確な,Please give me an accurate description of what happened.
drug,麻薬、薬,The doctor warned him about the dangers of the drug.
strange,奇妙な、異常な,It was a strange feeling to see him again.
conventional,従来の,He has quite conventional ideas about marriage.
organization,組織、団体,協会,She works for a charity organization.
desperate,やけくその,He made a desperate attempt to save the company.
moral,道徳の、道徳的な,It is important to teach children moral values.
intellectual,知的な,He is known for his intellectual achievements.
emphasis,強調,The teacher placed emphasis on good manners.
particularly,特に、とりわけ,I particularly enjoyed the second chapter of the book.
founder,創設者,He is the founder of a successful software company.
consider,について考える、だと見なす,Please consider my request carefully.
emotional,感情の、情緒の,She felt emotional watching the sad movie.
infection,感染,He is recovering from a bacterial infection.
identify,を見分ける,It's hard to identify the cause of the problem.
demand,要求,需要/を要求する,There is a high demand for skilled workers.
given,与えられた,"Given the circumstances, we made the right decision."
transition,遷移,変遷,The country is going through a difficult transition.
author,著者,She is the author of several popular novels.
considerable,かなりの、重要な,There was considerable interest in the new product.
graduate,を卒業する,He will graduate from university next spring.
conduct,行為,The teacher will conduct an experiment in class.
crowd,群衆,A large crowd gathered to watch the parade.
nature,自然,Nature has a powerful effect on our emotions.
broad,広い,The river is broad near the mouth of the sea.
physician,医師、内科医,She went to see a physician about her cough.
persuade,を説得する,He tried to persuade his parents to let him go.
achievement,達成,Winning the award was a great achievement for her.
witness,目撃者,証人/を目撃する,There was no witness to the accident.
face,直面する/顔,He had to face many difficulties in his life.
focus,焦点,The teacher's focus was on improving reading skills.
federal,連邦の,The federal government passed a new law.
associate,結びつけて考える、賛同する,He tends to associate success with hard work.
aim,ねらいをつける,Her aim is to become a professional dancer.
deficit,赤字,The company is trying to reduce its budget deficit.
activist,行動主義者,She became an activist for human rights.
primary,最初の,Her primary goal is to finish her degree.
joy,喜び、歓喜,She felt great joy when she passed the exam.
inspector,検査官,監査人,The building inspector checked the safety of the structure.
actually,実際に、現実に,He actually enjoyed the movie more than he expected.
previous,前の,This is different from the previous version.
variation,変化,There was a slight variation in the test results.
stupid,馬鹿な、愚かな,It was stupid of him to leave the door unlocked.
poverty,貧困,貧乏,The charity works to reduce poverty around the world.
appeal,訴える、告発する,His speech made a strong appeal to the audience.
substance,物質,実態,The bottle contains a strange substance.
regulation,規制,規定,There are strict regulations about food safety.
bare,裸の,The trees were bare in winter.
awake,目を覚ましている,He stayed awake all night studying for the test.
suspect,疑う、だと思う,The police suspect that he stole the car.
battery,電池,The remote control needs a new battery.
income,所得,Her income increased after she changed jobs.
fault,欠点,短所,It wasn't your fault that the meeting was canceled.
tissue,組織,The doctor took a small piece of tissue for testing.
stranger,他人,A stranger asked me for directions.
expensive,高価な、費用のかかる,This restaurant is too expensive for a student's budget.
difference,違い、差分,There is a big difference between the two designs.
percentage,割合,A large percentage of students passed the test.
own,自身の,She has her own room at home.
brief,短い、短時間の,He gave a brief summary of the meeting.
useless,役に立たない、むだな,This old machine is completely useless now.
predict,を予想する、を予測する,It is hard to predict the weather these days.
personnel,人事,職員,The company hired new personnel for the project.
sudden,突然の,The sudden noise scared everyone in the room.
transfer,を移す,He will transfer to a new school next month.
solid,固い、固形の,The ice became solid after a few hours in the freezer.
mess,混乱 錯乱,His room was in a complete mess.
flee,逃げる,The animals fled from the forest fire.
drain,排出させる、排水をする,Water began to drain slowly from the sink.
remark,ことば,She made a kind remark about my presentation.
lecture,講義,The professor gave a lecture on world history.
resolution,解決,決意,They came to a resolution after a long discussion.
desert,砂漠,It rarely rains in the desert.
advocate,提唱する,He decided to advocate for better school lunches.
bet,賭ける,I bet you can't finish this puzzle in five minutes.
characteristic,特有の、独特の,Kindness is one of his best characteristics.
education,教育,Education is important for a bright future.
whatever,なんでも,You can eat whatever you like for dinner.
cause,原因/の原因となる,The cause of the accident is still unknown.
commitment,約束、委託,He made a firm commitment to finish the project.
supply,供給,The store has a good supply of fresh vegetables.
temporary,一時的な,He found a temporary job for the summer.
involve,を含む、を巻き込む,The project will involve many different departments.
meal,食事,We had a delicious meal at the new restaurant.
replace,を取り換える、を交換する,They plan to replace the old bridge next year.
expression,表現,His expression showed that he was surprised.
investor,投資家,The company attracted many new investors.
humanity,人間,人間性,Helping others is a basic part of humanity.
majority,大多数,The majority of students agreed with the new rule.
possess,を所有する,He seems to possess great talent for music.
contribution,寄付,貢献,Her contribution to the project was very valuable.
frequently,頻繁に,He frequently travels for work.
shrug,肩をすくめる,She shrugged her shoulders when asked about the plan.
operator,操作者,He works as a machine operator at the factory.
slightly,わずかに、少し,The price increased slightly this month.
interpretation,解釈,説明,There are different interpretations of this poem.
rely,頼る,You can always rely on your best friend.
whole,全部の,We spent the whole day cleaning the house.
purchase,を購入する/購入,She made a purchase of new shoes online.
summit,頂上,They finally reached the summit of the mountain.
toe,つま先、足の指,He hurt his toe while playing soccer.
hell,地獄,It was a hot as hell day in the desert.
typically,典型的に,People typically eat breakfast in the morning.
admire,を賞賛する,I really admire her courage and determination.
literature,文学,She loves reading classic literature.
issue,問題、(雑誌などの)号,They discussed an important issue at the meeting.
rent,家賃,The rent for this apartment is quite high.
widely,広範囲に,This custom is widely practiced around the world.
satisfaction,満足,He felt great satisfaction after finishing the project.
worry,心配させる、心配する,"Don't worry, everything will be fine."
rub,こする。さする,She began to rub her eyes when she woke up.
disappear,消える、見えなくなる,The magic trick made the coin disappear.
completely,完全に、全く,She completely forgot about the meeting.
reduction,削減,減少,There was a reduction in the number of students.
inflation,膨張,Rising prices are a sign of inflation.
maybe,たぶん、おそらく,Maybe we should leave earlier to avoid traffic.
calculate,計算する,Please calculate the total cost of the trip.
determine,を決める,It's hard to determine who is right in this case.
crop,収穫物,作物,Farmers grow a variety of crops in this region.
prosecution,起訴,告訴,The prosecution presented new evidence in court.
seize,つかむ,Police officers managed to seize the stolen goods.
imagination,想像,Children have a wonderful imagination.
governor,知事,The governor gave a speech about the new policy.
curiosity,好奇心,Her curiosity led her to explore the old house.
rise,上がる,Prices tend to rise during the holiday season.
Mexican,メキシコの,She enjoys eating Mexican food.
tail,尾,The dog wagged its tail happily.
except,を除くのを除いて,Everyone came to the party except him.
lie,横たわる,He told a lie to avoid getting in trouble.
string,紐,糸,She tied the package with a piece of string.
appoint,任命する、指定する,They decided to appoint a new team leader.
military,軍隊の,He served in the military for five years.
conference,会議,They held an important conference last week.
explanation,説明,He gave a clear explanation of the rules.
atmosphere,雰囲気,The atmosphere in the room was tense before the exam.
toward,向かって、のほうへ,They walked toward the station together.
convenient,都合がよい、便利な,It is very convenient to shop online.
examination,試験,She is preparing for her final examination.
sort,種類,There are many different sorts of flowers in the garden.
strongly,強く、激しく,He strongly believes in the importance of education.
fear,を恐れる、恐がる/恐れ,She has a great fear of spiders.
ability,能力,力量,He has the ability to solve difficult problems quickly.
weight,重さ、体重,She is worried about her weight before the summer.
exclude,除く,Please exclude this item from the list.
discipline,しつけ、規律,Good discipline is important for success in sports.
share,分かち合う/分け前,They agreed to share the cost of the trip.
potentially,潜在的に,The plan could potentially save the company money.
extent,程度、大きさ,"To some extent, I agree with his opinion."
discussion,議論,討論,We had a long discussion about the new project.
settlement,移住定住,The two sides reached a settlement after the trial.
enormous,非常に大きい,The concert hall was filled with an enormous crowd.
presence,存在,Her calm presence made everyone feel relaxed.
effective,効果的な,This is an effective way to learn new words.
rapid,急速な,The company achieved rapid growth this year.
basis,土台,根拠,The decision was made on the basis of the survey results.
commander,司令官,The commander gave orders to the soldiers.
radical,急進的な、抜本的な,He has some radical ideas about education.
individual,個人の、個々の,Each individual has the right to express their opinion.
journal,日誌、日記,She writes in her journal every night.
avoid,を避ける、を回避する,You should avoid eating too much sugar.
stake,くい,The company has a large stake in the new business.
possibly,ひょっとすると,He will possibly join us for dinner tonight.
violence,暴力,乱暴,The news report showed the violence in the city.
likely,起こりそうな,It is likely to rain later today.
entertainment,娯楽,There isn't much entertainment in this small town.
opposite,反対の、向こう側の,He has the opposite opinion from mine.
district,地域,He works in the business district of the city.
domestic,国内の、家庭の,This airline mainly serves domestic flights.
pitch,投げる,The coach explained his pitch for the new strategy.
historical,歴史上の,This is a historical building from the 1800s.
bullet,弾丸,The soldier was hit by a bullet during the battle.
revenue,収益,所得,The company's revenue increased this year.
democracy,民主主義,Many countries around the world practice democracy.
legislation,立法,The government passed new legislation on the environment.
breast,胸部,Doctors recommend regular breast examinations for women.
actual,現実の,The actual cost was higher than we expected.
eager,強く望んでいる,She is eager to start her new job.
possible,可能な,It is possible to finish the project by Friday.
proverb,ことわざ,My grandmother often uses old proverbs.
psychological,心理的な,He is dealing with some psychological stress from work.
refugee,難民,The country welcomed thousands of refugees.
origin,起源,The origin of this word is Latin.
transport,を輸送する,Public transport in this city is very convenient.
notion,考え、意見,He has a strange notion about how the world works.
initially,最初は,"Initially, I didn't like the idea, but I changed my mind."
doubt,疑い、疑問,I have some doubt about whether the plan will work.
sigh,ため息をつく,She let out a deep sigh after the long test.
laboratory,実験室,研究所,The scientist works in a laboratory every day.
delight,喜び、歓喜,Her face showed pure delight when she saw the gift.
shortly,まもなく,The bus should arrive shortly.
universal,普遍的な、万能の,Kindness is a universal value shared by all cultures.
surely,確かに,"Surely, you don't believe that story."
labor,労働、労働者,He works long hours doing hard physical labor.
entire,全体の、全部の,She spent the entire day cleaning the house.
blood,血,血液,Blood carries oxygen throughout the body.
wonder,かなと思う,I wonder what she is doing right now.
arise,起こる、現れる,New problems began to arise during the project.
incorporate,合体させる,They decided to incorporate new ideas into the plan.
mere,単なる,It was a mere coincidence that we met.
agenda,議題,The teacher put the meeting agenda on the board.
terror,恐怖,The horror movie was full of terror and suspense.
truly,真に、正確に,I truly appreciate your kindness.
necessary,必要な,Water is necessary for all living things.
favor,親切な行為,Could you do me a favor and open the window?
recession,不況,後退,The country is currently in a deep economic recession.
aircraft,航空機,The aircraft landed safely at the airport.
prison,刑務所,He was sent to prison for ten years.
possibility,可能性,実現性,There is a strong possibility that the meeting will be postponed.
anniversary,~周年,記念日,They celebrated their wedding anniversary last week.
sequence,連続,The events happened in a strange sequence.
slight,かすかな、わずかの,There was only a slight difference between the two designs.
customer,顧客、お客様,The customer was happy with the service.
inform,情報を与える、に知らせる,Please inform me if there are any changes.
illegal,違法の,It is illegal to drive without a license.
investigation,調査,The police started an investigation into the crime.
depression,落ち込み、不景気,Rainy weather can affect people's mood.
matter,問題、困ったこと,This is an important matter that we need to discuss.
unless,でない限り,You won't pass unless you study harder.
necessity,必要性,Clean water is a basic necessity for life.
supreme,最高の,The Supreme Court made a final decision on the case.
severe,厳しい、厳格な,The storm caused severe damage to the town.
bloody,血の,There was a bloody battle between the two armies.
apart,離れて,He stood apart from the rest of the group.
cast,投げる,The director will cast a new actor for the role.
airline,航空会社,She works as a flight attendant for a major airline.
trading,取引,International trading has increased in recent years.
path,小道,They followed a narrow path through the forest.
appreciate,感謝する。を高く評価する,I really appreciate all your help.
crack,裂け目、ひび,There was a crack in the old wall.
hesitate,ためらう,He didn't hesitate to help his friend.
contrary,反対の,"Contrary to what I expected, the test was easy."
depending,依存している,The price varies depending on the size.
household,家族,世帯,Every household received a notice about the new rule.
laughter,笑い,The room was filled with laughter.
teenager,十代,Many teenagers spend a lot of time on their phones.
teenager,十代,My son became a teenager last year.
crime,犯罪,The police are working to reduce crime in the city.
frighten,怖がらせる,The loud noise began to frighten the small child.
quarter,四半期,The building is divided into four quarters.
mortgage,抵当,担保,They took out a mortgage to buy their new house.
indicate,を指し示す,The results indicate that the plan is working.
stroke,打撃,He suffered a stroke last year but has recovered well.
shortage,不足,欠乏,There is a shortage of doctors in this area.
explore,探索する、調査する,They plan to explore the old cave this weekend.
property,財産、所有物,He owns a small piece of property near the lake.
freeze,凍る,The lake began to freeze in the cold winter.
closely,綿密に,Please read the instructions closely before starting.
venture,冒険的事業,He started a new business venture last year.
pretty,かなり,The garden looks pretty in the spring.
account,銀行口座,Please check your bank account balance.
internal,内部の,There was an internal problem within the company.
edge,端、縁,He sat on the edge of the bed.
environmental,環境の,The company is aware of its environmental impact.
plenty,たくさん,There is plenty of time before the meeting starts.
amendment,修正,The government proposed an amendment to the law.
fiber,繊維,This bread contains a lot of dietary fiber.
somewhat,いくぶん、いくらか,"The room was somewhat cold, so I turned on the heater."
restriction,制限,There are some restrictions on how late you can play music.
in order to,~するために、~の目的で,She studies hard in order to pass the exam.
not only A but also B,AだけでなくBもまた、Aと同様Bも,He is not only smart but also kind.
a number of,たくさんの、多数の,A number of students were absent today.
be likely to,する可能性が高い。しそうになる,He is likely to be late because of the traffic.
end up,最終的に、することになる,"If we don't hurry, we will end up missing the train."
publish,を出版する、発行する,The company plans to publish a new book next year.
expense,費用,出費,犠牲,Traveling can be a big expense.
similar,似ている、類似の,This bag looks similar to mine.
pollution,汚染、汚れ、汚染物,Air pollution is a serious problem in big cities.
foundation,土台,根拠,設立,The company built a strong foundation for future growth.
compare,を比較する をたとえる,It's interesting to compare the two designs.
lead to,に導く、~につながる,Hard work can lead to great success.
furthermore,さらに、その上,"Furthermore, the hotel offers free parking."
more and more,ますます多くの、更に,More and more people are working from home these days.
consume,を消費する、消耗する,We consume a lot of energy every day.
employment,雇用,採用,The company offers full-time employment to graduates.
by chance,偶然に、たまたま,We met by chance at the station.
until,までに、まで,Please wait until the meeting ends.
on the other hand,一方で、他方で,"On the other hand, the new plan has some risks."
arrest,を逮捕する、捕まえる,The police decided to arrest the suspect.
betray,を裏切る、をだます,He would never betray his best friend.
affect,に影響を与える。に作用する,The weather can greatly affect people's mood.
portable,持ち運べる、携帯用の,This laptop is small and portable.
construction,建設,構造,建造物,The construction of the new building will start soon.
convert,を変える、転換する,They decided to convert the old barn into a house.
resident,住民,居住者,Every resident of this town received a notice.
provide,を供給する、提供する,The government will provide support for small businesses.
